Price,Close
Ticker,QQQ
Date,
2015-05-22,102.3162841796875
2015-05-26,101.14002227783203
2015-05-27,102.77012634277344
2015-05-28,102.53855895996094
2015-05-29,101.92727661132812
2015-06-01,102.26995086669922
2015-06-02,101.94580841064453
2015-06-03,102.25145721435547
2015-06-04,101.47344207763672
2015-06-05,101.23262786865234
2015-06-08,100.20455932617188
2015-06-09,100.03783416748047
2015-06-10,101.40861511230469
2015-06-11,101.55680084228516
2015-06-12,100.72321319580078
2015-06-15,100.22307586669922
2015-06-16,100.76953887939453
2015-06-17,101.0473861694336
2015-06-18,102.52001190185547
2015-06-19,102.01316833496094
2015-06-22,102.76509857177734
2015-06-23,102.84864807128906
2015-06-24,102.31951141357422
2015-06-25,102.11531066894531
2015-06-26,101.4376220703125
2015-06-29,99.04253387451172
2015-06-30,99.3952865600586
2015-07-01,100.18436431884766
2015-07-02,100.21221923828125
2015-07-06,99.98014068603516
2015-07-07,100.23078155517578
2015-07-08,98.48552703857422
2015-07-09,98.4298324584961
2015-07-10,99.93374633789062
2015-07-13,101.6882553100586
2015-07-14,102.35664367675781
2015-07-15,102.46804809570312
2015-07-16,103.9162368774414
2015-07-17,105.44795989990234
2015-07-20,105.81002044677734
2015-07-21,105.74503326416016
2015-07-22,104.54753112792969
2015-07-23,104.1575698852539
2015-07-24,103.13642883300781
2015-07-27,102.28236389160156
2015-07-28,103.16426849365234
2015-07-29,103.55419921875
2015-07-30,104.04621124267578
2015-07-31,103.92549896240234
2015-08-03,103.60059356689453
2015-08-04,103.4056396484375
2015-08-05,104.20403289794922
2015-08-06,102.53305053710938
2015-08-07,102.40306091308594
2015-08-10,103.57275390625
2015-08-11,102.24522399902344
2015-08-12,102.59801483154297
2015-08-13,102.430908203125
2015-08-14,102.58872985839844
2015-08-17,103.44278717041016
2015-08-18,102.91365814208984
2015-08-19,102.2359619140625
2015-08-20,99.40460205078125
2015-08-21,95.06005859375
2015-08-24,91.4024887084961
2015-08-25,91.05899810791016
2015-08-26,95.64488983154297
2015-08-27,98.06781005859375
2015-08-28,98.0492172241211
2015-08-31,96.83316040039062
2015-09-01,93.80680847167969
2015-09-02,96.45252227783203
2015-09-03,95.97909545898438
2015-09-04,94.8372573852539
2015-09-08,97.51080322265625
2015-09-09,96.41537475585938
2015-09-10,97.46441650390625
2015-09-11,98.0028305053711
2015-09-14,97.70576477050781
2015-09-15,98.85688781738281
2015-09-16,99.41384887695312
2015-09-17,99.45097351074219
2015-09-18,98.0365219116211
2015-09-21,98.34364318847656
2015-09-22,96.87329864501953
2015-09-23,96.94775390625
2015-09-24,96.5941390991211
2015-09-25,95.77521514892578
2015-09-28,93.04862213134766
2015-09-29,92.56473541259766
2015-09-30,94.69574737548828
2015-10-01,95.12382507324219
2015-10-02,96.78955078125
2015-10-05,98.17611694335938
2015-10-06,97.7108154296875
2015-10-07,98.29707336425781
2015-10-08,98.68795013427734
2015-10-09,99.1346206665039
2015-10-12,99.37654876708984
2015-10-13,98.73445129394531
2015-10-14,98.5762710571289
2015-10-15,100.19547271728516
2015-10-16,100.61422729492188
2015-10-19,101.19120025634766
2015-10-20,100.67009735107422
2015-10-21,100.055908203125
2015-10-22,102.09384155273438
2015-10-23,104.95073699951172
2015-10-26,105.015869140625
2015-10-27,105.22991180419922
2015-10-28,106.10464477539062
2015-10-29,105.9371337890625
2015-10-30,105.46253204345703
2015-11-02,106.65367889404297
2015-11-03,107.02592468261719
2015-11-04,107.03522491455078
2015-11-05,106.74674987792969
2015-11-06,106.82123565673828
2015-11-09,105.68588256835938
2015-11-10,105.41603088378906
2015-11-11,105.28573608398438
2015-11-12,104.26210021972656
2015-11-13,102.21482849121094
2015-11-16,103.6851577758789
2015-11-17,103.75027465820312
2015-11-18,105.74172973632812
2015-11-19,105.81616973876953
2015-11-20,106.53272247314453
2015-11-23,106.22563934326172
2015-11-24,106.13258361816406
2015-11-25,106.22563934326172
2015-11-27,106.37452697753906
2015-11-30,106.10464477539062
2015-12-01,107.16551971435547
2015-12-02,106.50482177734375
2015-12-03,104.699462890625
2015-12-04,107.14692687988281
2015-12-07,106.66300201416016
2015-12-08,106.67230987548828
2015-12-09,105.0531005859375
2015-12-10,105.5276870727539
2015-12-11,103.09886169433594
2015-12-14,103.88054656982422
2015-12-15,104.51338195800781
2015-12-16,106.06745147705078
2015-12-17,104.52265167236328
2015-12-18,102.51768493652344
2015-12-21,103.65645599365234
2015-12-22,104.33788299560547
2015-12-23,105.11259460449219
2015-12-24,105.09391021728516
2015-12-28,105.03791046142578
2015-12-29,106.69007873535156
2015-12-30,105.7286376953125
2015-12-31,104.41252136230469
2016-01-04,102.20963287353516
2016-01-05,102.03229522705078
2016-01-06,101.05220794677734
2016-01-07,97.88793182373047
2016-01-08,97.08515930175781
2016-01-11,97.38383483886719
2016-01-12,98.51331329345703
2016-01-13,95.11563110351562
2016-01-14,97.14118194580078
2016-01-15,94.12622833251953
2016-01-19,94.33155822753906
2016-01-20,94.04219055175781
2016-01-21,94.13554382324219
2016-01-22,96.86115264892578
2016-01-25,95.4236831665039
2016-01-26,96.2824478149414
2016-01-27,93.8835220336914
2016-01-28,95.20897674560547
2016-01-29,97.1971664428711
2016-02-01,97.45853424072266
2016-02-02,95.3489990234375
2016-02-03,94.89163970947266
2016-02-04,94.88229370117188
2016-02-05,91.5873031616211
2016-02-08,90.18717193603516
2016-02-09,89.90716552734375
2016-02-10,90.25253295898438
2016-02-11,90.121826171875
2016-02-12,91.49394989013672
2016-02-16,93.55684661865234
2016-02-17,95.67569732666016
2016-02-18,94.58358764648438
2016-02-19,94.86363220214844
2016-02-22,96.40377044677734
2016-02-23,94.81695556640625
2016-02-24,95.72236633300781
2016-02-25,96.66511535644531
2016-02-26,96.54379272460938
2016-02-29,95.67569732666016
2016-03-01,98.74665069580078
2016-03-02,98.78398895263672
2016-03-03,98.59728240966797
2016-03-04,98.63465118408203
2016-03-07,98.02792358398438
2016-03-08,97.21585083007812
2016-03-09,97.84122467041016
2016-03-10,97.69187927246094
2016-03-11,99.4000473022461
2016-03-14,99.56807708740234
2016-03-15,99.53071594238281
2016-03-16,100.41748809814453
2016-03-17,100.36149597167969
2016-03-18,100.51876831054688
2016-03-21,100.9119644165039
2016-03-22,101.22089385986328
2016-03-23,100.3876953125
2016-03-24,100.41576385498047
2016-03-28,100.27534484863281
2016-03-29,101.88558197021484
2016-03-30,102.38175201416016
2016-03-31,102.23197937011719
2016-04-01,103.31796264648438
2016-04-04,102.92478942871094
2016-04-05,101.93241119384766
2016-04-06,103.60816192626953
2016-04-07,102.1196517944336
2016-04-08,102.04474639892578
2016-04-11,101.67027282714844
2016-04-12,102.522216796875
2016-04-13,103.83287048339844
2016-04-14,103.84223937988281
2016-04-15,103.58010864257812
2016-04-18,104.13245391845703
2016-04-19,103.49583435058594
2016-04-20,103.58010864257812
2016-04-21,103.58944702148438
2016-04-22,102.0260238647461
2016-04-25,102.0260238647461
2016-04-26,101.52981567382812
2016-04-27,100.7153549194336
2016-04-28,99.49832153320312
2016-04-29,98.97402954101562
2016-05-02,99.91023254394531
2016-05-03,98.9833984375
2016-05-04,98.3468017578125
2016-05-05,98.31871032714844
2016-05-06,98.84296417236328
2016-05-09,99.12382507324219
2016-05-10,100.4813003540039
2016-05-11,99.5732192993164
2016-05-12,99.1332015991211
2016-05-13,98.76807403564453
2016-05-16,100.00384521484375
2016-05-17,98.74935913085938
2016-05-18,99.10508728027344
2016-05-19,98.59020233154297
2016-05-20,99.67617797851562
2016-05-23,99.54511260986328
2016-05-24,101.5392074584961
2016-05-25,102.26942443847656
2016-05-26,102.56900787353516
2016-05-27,103.10264587402344
2016-05-31,103.29923248291016
2016-06-01,103.30860137939453
2016-06-02,103.52393341064453
2016-06-03,103.03712463378906
2016-06-06,103.41156768798828
2016-06-07,103.14942169189453
2016-06-08,103.32733917236328
2016-06-09,103.1588134765625
2016-06-10,101.98855590820312
2016-06-13,101.1366195678711
2016-06-14,101.1366195678711
2016-06-15,100.84642028808594
2016-06-16,101.14599609375
2016-06-17,99.96043395996094
2016-06-20,100.58934783935547
2016-06-21,100.90847778320312
2016-06-22,100.66445922851562
2016-06-23,102.10062408447266
2016-06-24,97.89532470703125
2016-06-27,95.95227813720703
2016-06-28,98.05491638183594
2016-06-29,99.79146575927734
2016-06-30,100.946044921875
2016-07-01,101.45296478271484
2016-07-05,100.83341217041016
2016-07-06,101.65943908691406
2016-07-07,101.95982360839844
2016-07-08,103.53683471679688
2016-07-11,104.12821197509766
2016-07-12,104.65386962890625
2016-07-13,104.40042877197266
2016-07-14,105.11381530761719
2016-07-15,104.94486236572266
2016-07-18,105.63946533203125
2016-07-19,105.25463104248047
2016-07-20,106.48430633544922
2016-07-21,106.24024200439453
2016-07-22,106.68141174316406
2016-07-25,106.69081115722656
2016-07-26,106.81283569335938
2016-07-27,107.55437469482422
2016-07-28,107.92987060546875
2016-07-29,108.16451263427734
2016-08-01,108.73712921142578
2016-08-02,107.91110229492188
2016-08-03,108.26782989501953
2016-08-04,108.57754516601562
2016-08-05,109.61949920654297
2016-08-08,109.49748229980469
2016-08-09,109.75091552734375
2016-08-10,109.46929168701172
2016-08-11,109.93864440917969
2016-08-12,110.01373291015625
2016-08-15,110.48306274414062
2016-08-16,109.8729476928711
2016-08-17,110.070068359375
2016-08-18,110.09822845458984
2016-08-19,110.070068359375
2016-08-22,110.15452575683594
2016-08-23,110.35166931152344
2016-08-24,109.63825225830078
2016-08-25,109.45992279052734
2016-08-26,109.61949920654297
2016-08-29,109.76969909667969
2016-08-30,109.41299438476562
2016-08-31,109.30035400390625
2016-09-01,109.58194732666016
2016-09-02,109.93864440917969
2016-09-06,110.62387084960938
2016-09-07,110.6895980834961
2016-09-08,110.04190826416016
2016-09-09,107.27278900146484
2016-09-12,109.19710540771484
2016-09-13,108.22087097167969
2016-09-14,108.73712921142578
2016-09-15,110.42676544189453
2016-09-16,110.37406921386719
2016-09-19,109.8941421508789
2016-09-20,110.10118103027344
2016-09-21,111.18335723876953
2016-09-22,112.06792449951172
2016-09-23,111.35275268554688
2016-09-26,110.42113494873047
2016-09-27,111.51271057128906
2016-09-28,111.70094299316406
2016-09-29,110.89166259765625
2016-09-30,111.7197494506836
2016-10-03,111.55976104736328
2016-10-04,111.39038848876953
2016-10-05,111.7856216430664
2016-10-06,111.72917175292969
2016-10-07,111.48448944091797
2016-10-10,112.19025421142578
2016-10-11,110.59049987792969
2016-10-12,110.49639129638672
2016-10-13,110.10118103027344
2016-10-14,110.23291778564453
2016-10-17,109.9317855834961
2016-10-18,110.91044616699219
2016-10-19,110.90103912353516
2016-10-20,110.76931762695312
2016-10-21,111.18335723876953
2016-10-24,112.51962280273438
2016-10-25,112.16204071044922
2016-10-26,111.39978790283203
2016-10-27,110.89166259765625
2016-10-28,110.1952896118164
2016-10-31,110.09173583984375
2016-11-01,109.26365661621094
2016-11-02,108.38846588134766
2016-11-03,107.32513427734375
2016-11-04,106.94869995117188
2016-11-07,109.48949432373047
2016-11-08,110.20465087890625
2016-11-09,110.71283721923828
2016-11-10,108.92489624023438
2016-11-11,108.97193145751953
2016-11-14,107.87091064453125
2016-11-15,109.3671646118164
2016-11-16,110.01649475097656
2016-11-17,110.81635284423828
2016-11-18,110.40226745605469
2016-11-21,111.55035400390625
2016-11-22,111.8891372680664
2016-11-23,111.43743133544922
2016-11-25,111.79505157470703
2016-11-28,111.54095458984375
2016-11-29,111.92677307128906
2016-11-30,110.57169342041016
2016-12-01,108.6613998413086
2016-12-02,108.8778076171875
2016-12-05,109.72474670410156
2016-12-06,109.98822784423828
2016-12-07,111.3809814453125
2016-12-08,111.57858276367188
2016-12-09,112.45375061035156
2016-12-12,111.94557189941406
2016-12-13,113.35713195800781
2016-12-14,113.12187194824219
2016-12-15,113.3006820678711
2016-12-16,112.88069152832031
2016-12-19,113.34314727783203
2016-12-20,113.7773208618164
2016-12-21,113.69236755371094
2016-12-22,113.37147521972656
2016-12-23,113.44696807861328
2016-12-27,114.0321273803711
2016-12-28,113.14497375488281
2016-12-29,112.98451232910156
2016-12-30,111.82361602783203
2017-01-03,112.82406616210938
2017-01-04,113.43756103515625
2017-01-05,114.07935333251953
2017-01-06,115.07979583740234
2017-01-09,115.45730590820312
2017-01-10,115.7121353149414
2017-01-11,116.02362060546875
2017-01-12,115.84428405761719
2017-01-13,116.24068450927734
2017-01-17,115.89146423339844
2017-01-18,116.12743377685547
2017-01-19,116.07080841064453
2017-01-20,116.32560729980469
2017-01-23,116.4200210571289
2017-01-24,117.20338439941406
2017-01-25,118.38316345214844
2017-01-26,118.50587463378906
2017-01-27,118.73235321044922
2017-01-30,117.80742645263672
2017-01-31,117.57149505615234
2017-02-01,118.38316345214844
2017-02-02,118.27933502197266
2017-02-03,118.61909484863281
2017-02-06,118.76068878173828
2017-02-07,119.19486236572266
2017-02-08,119.3930435180664
2017-02-09,119.82720184326172
2017-02-10,120.22357940673828
2017-02-13,120.90314483642578
2017-02-14,121.30899047851562
2017-02-15,122.02627563476562
2017-02-16,121.98853302001953
2017-02-17,122.51707458496094
2017-02-21,123.12107849121094
2017-02-22,123.1683349609375
2017-02-23,122.70584869384766
2017-02-24,122.94175720214844
2017-02-27,123.09280395507812
2017-02-28,122.71528625488281
2017-03-01,124.0555191040039
2017-03-02,123.43258666992188
2017-03-03,123.6590805053711
2017-03-06,123.38539123535156
2017-03-07,123.177734375
2017-03-08,123.39486694335938
2017-03-09,123.48921203613281
2017-03-10,124.00830841064453
2017-03-13,124.21595001220703
2017-03-14,123.9139175415039
2017-03-15,124.67843627929688
2017-03-16,124.59351348876953
2017-03-17,124.54999542236328
2017-03-20,124.6634521484375
2017-03-21,122.77189636230469
2017-03-22,123.6041488647461
2017-03-23,123.29209899902344
2017-03-24,123.54743194580078
2017-03-27,123.7460708618164
2017-03-28,124.50267791748047
2017-03-29,125.07960510253906
2017-03-30,125.2876968383789
2017-03-31,125.20255279541016
2017-04-03,125.12690734863281
2017-04-04,125.3255386352539
2017-04-05,124.81478118896484
2017-04-06,124.88101196289062
2017-04-07,124.81478118896484
2017-04-10,124.86207580566406
2017-04-11,124.3229751586914
2017-04-12,123.82173919677734
2017-04-13,123.32990264892578
2017-04-17,124.35135650634766
2017-04-18,124.16219329833984
2017-04-19,124.36080932617188
2017-04-20,125.40119934082031
2017-04-21,125.37277221679688
2017-04-24,126.88605499267578
2017-04-25,127.80345916748047
2017-04-26,127.623779296875
2017-04-27,128.3898468017578
2017-04-28,128.61680603027344
2017-05-01,129.76123046875
2017-05-02,129.97872924804688
2017-05-03,129.56263732910156
2017-05-04,129.6099090576172
2017-05-05,130.082763671875
2017-05-08,130.36654663085938
2017-05-09,130.82049560546875
2017-05-10,130.8961639404297
2017-05-11,130.7921142578125
2017-05-12,131.0854034423828
2017-05-15,131.50146484375
2017-05-16,132.05003356933594
2017-05-17,128.69252014160156
2017-05-18,129.8179931640625
2017-05-19,130.36654663085938
2017-05-22,131.46365356445312
2017-05-23,131.5959930419922
2017-05-24,132.2013397216797
2017-05-25,133.32684326171875
2017-05-26,133.56324768066406
2017-05-30,133.67672729492188
2017-05-31,133.6294403076172
2017-06-01,134.149658203125
2017-06-02,135.68186950683594
2017-06-05,135.6534423828125
2017-06-06,135.11434936523438
2017-06-07,135.64393615722656
2017-06-08,135.78582763671875
2017-06-09,132.39048767089844
2017-06-12,131.6811981201172
2017-06-13,132.7499237060547
2017-06-14,132.1729736328125
2017-06-15,131.5866241455078
2017-06-16,131.0156707763672
2017-06-19,133.2063751220703
2017-06-20,132.16322326660156
2017-06-21,133.47195434570312
2017-06-22,133.4340057373047
2017-06-23,133.94613647460938
2017-06-26,133.32020568847656
2017-06-27,130.90187072753906
2017-06-28,132.7891082763672
2017-06-29,130.48460388183594
2017-06-30,130.5320281982422
2017-07-03,129.1569061279297
2017-07-05,130.42771911621094
2017-07-06,129.25173950195312
2017-07-07,130.645751953125
2017-07-10,131.4993133544922
2017-07-11,131.86920166015625
2017-07-12,133.4340057373047
2017-07-13,133.72802734375
2017-07-14,134.78067016601562
2017-07-17,134.84701538085938
2017-07-18,135.7480010986328
2017-07-19,136.5446319580078
2017-07-20,136.72479248046875
2017-07-21,136.66787719726562
2017-07-24,137.29380798339844
2017-07-25,136.9429168701172
2017-07-26,137.38865661621094
2017-07-27,136.52566528320312
2017-07-28,136.41180419921875
2017-07-31,135.8333740234375
2017-08-01,136.1462860107422
2017-08-02,136.51614379882812
2017-08-03,135.98512268066406
2017-08-04,136.23165893554688
2017-08-07,137.0946502685547
2017-08-08,136.85752868652344
2017-08-09,136.67735290527344
2017-08-10,133.7469482421875
2017-08-11,134.76168823242188
2017-08-14,136.4971466064453
2017-08-15,136.59202575683594
2017-08-16,136.82913208007812
2017-08-17,134.03146362304688
2017-08-18,133.93663024902344
2017-08-21,133.76593017578125
2017-08-22,135.80494689941406
2017-08-23,135.32125854492188
2017-08-24,134.92291259765625
2017-08-25,134.63844299316406
2017-08-28,135.05572509765625
2017-08-29,135.5867462158203
2017-08-30,137.18002319335938
2017-08-31,138.6499481201172
2017-09-01,138.4602813720703
2017-09-05,137.2179718017578
2017-09-06,137.6352081298828
2017-09-07,137.95765686035156
2017-09-08,136.76271057128906
2017-09-11,138.3369903564453
2017-09-12,138.6689453125
2017-09-13,138.85858154296875
2017-09-14,138.0430145263672
2017-09-15,138.5172576904297
2017-09-18,138.3356475830078
2017-09-19,138.5732421875
2017-09-20,138.14559936523438
2017-09-21,137.29966735839844
2017-09-22,137.1666259765625
2017-09-25,135.72198486328125
2017-09-26,136.07363891601562
2017-09-27,137.29966735839844
2017-09-28,137.2521514892578
2017-09-29,138.24063110351562
2017-10-02,138.3641815185547
2017-10-03,138.6588134765625
2017-10-04,138.7919158935547
2017-10-05,140.15098571777344
2017-10-06,140.34107971191406
2017-10-09,140.1794891357422
2017-10-10,140.28404235839844
2017-10-11,140.70225524902344
2017-10-12,140.44566345214844
2017-10-13,140.9873504638672
2017-10-16,141.47206115722656
2017-10-17,141.6526641845703
2017-10-18,141.4815673828125
2017-10-19,140.9588623046875
2017-10-20,141.33905029296875
2017-10-23,140.41709899902344
2017-10-24,140.6547088623047
2017-10-25,140.12242126464844
2017-10-26,139.67579650878906
2017-10-27,143.74365234375
2017-10-30,144.06678771972656
2017-10-31,144.6085205078125
2017-11-01,144.5609588623047
2017-11-02,144.28536987304688
2017-11-03,145.6729736328125
2017-11-06,146.16725158691406
2017-11-07,146.25277709960938
2017-11-08,146.84205627441406
2017-11-09,146.0721893310547
2017-11-10,146.0626678466797
2017-11-13,146.24325561523438
2017-11-14,145.71104431152344
2017-11-15,145.02671813964844
2017-11-16,146.8800048828125
2017-11-17,146.31930541992188
2017-11-20,146.2052459716797
2017-11-21,147.79248046875
2017-11-22,147.9730682373047
2017-11-24,148.51478576660156
2017-11-27,148.44825744628906
2017-11-28,148.82846069335938
2017-11-29,146.23374938964844
2017-11-30,147.4598388671875
2017-12-01,146.83251953125
2017-12-04,145.14077758789062
2017-12-05,145.23580932617188
2017-12-06,145.8916778564453
2017-12-07,146.3858184814453
2017-12-08,147.0321044921875
2017-12-11,148.17263793945312
2017-12-12,147.9730682373047
2017-12-13,148.25820922851562
2017-12-14,148.15367126464844
2017-12-15,149.83592224121094
2017-12-18,151.09213256835938
2017-12-19,150.19686889648438
2017-12-20,150.0349578857422
2017-12-21,150.05401611328125
2017-12-22,149.88253784179688
2017-12-26,149.0730438232422
2017-12-27,149.092041015625
2017-12-28,149.2729949951172
2017-12-29,148.3491973876953
2018-01-02,150.94932556152344
2018-01-03,152.416015625
2018-01-04,152.68267822265625
2018-01-05,154.2161102294922
2018-01-08,154.81610107421875
2018-01-09,154.82566833496094
2018-01-10,154.4637451171875
2018-01-11,155.52088928222656
2018-01-12,156.66383361816406
2018-01-16,156.2161865234375
2018-01-17,157.9019775390625
2018-01-18,157.93055725097656
2018-01-19,158.42578125
2018-01-22,160.12109375
2018-01-23,161.44500732421875
2018-01-24,160.3973388671875
2018-01-25,160.34017944335938
2018-01-26,162.79745483398438
2018-01-29,162.00686645507812
2018-01-30,160.67347717285156
2018-01-31,161.3401641845703
2018-02-01,159.9687042236328
2018-02-02,156.77810668945312
2018-02-05,150.5968780517578
2018-02-06,154.58750915527344
2018-02-07,152.5874481201172
2018-02-08,146.14906311035156
2018-02-09,148.67300415039062
2018-02-12,151.3112335205078
2018-02-13,152.09217834472656
2018-02-14,154.93991088867188
2018-02-15,157.8162078857422
2018-02-16,157.11146545410156
2018-02-20,157.4257354736328
2018-02-21,156.97808837890625
2018-02-22,156.95913696289062
2018-02-23,160.168701171875
2018-02-26,162.29261779785156
2018-02-27,160.2830047607422
2018-02-28,159.2544403076172
2018-03-01,156.65431213378906
2018-03-02,158.09243774414062
2018-03-05,159.8449249267578
2018-03-06,160.5211181640625
2018-03-07,160.89256286621094
2018-03-08,161.7783203125
2018-03-09,164.92129516601562
2018-03-12,165.7975311279297
2018-03-13,163.54029846191406
2018-03-14,163.51171875
2018-03-15,163.36880493164062
2018-03-16,162.8831329345703
2018-03-19,159.40780639648438
2018-03-20,159.93251037597656
2018-03-21,159.23611450195312
2018-03-22,155.30580139160156
2018-03-23,151.2132568359375
2018-03-26,156.8321075439453
2018-03-27,151.75704956054688
2018-03-28,150.01123046875
2018-03-29,152.7587127685547
2018-04-02,148.35134887695312
2018-04-03,150.0207977294922
2018-04-04,152.3866424560547
2018-04-05,153.25473022460938
2018-04-06,149.41978454589844
2018-04-09,150.46913146972656
2018-04-10,153.7889862060547
2018-04-11,152.9017333984375
2018-04-12,154.74293518066406
2018-04-13,153.9416046142578
2018-04-16,155.11500549316406
2018-04-17,158.45384216308594
2018-04-18,158.77822875976562
2018-04-19,157.31861877441406
2018-04-20,154.82879638671875
2018-04-23,154.43768310546875
2018-04-24,151.1655731201172
2018-04-25,151.3468017578125
2018-04-26,154.53305053710938
2018-04-27,154.6284637451172
2018-04-30,153.53140258789062
2018-05-01,155.28665161132812
2018-05-02,154.3708953857422
2018-05-03,154.35182189941406
2018-05-04,157.28045654296875
2018-05-07,158.58740234375
2018-05-08,158.4252471923828
2018-05-09,160.15194702148438
2018-05-10,161.8118133544922
2018-05-11,161.6591796875
2018-05-14,161.93582153320312
2018-05-15,160.1423797607422
2018-05-16,161.20132446289062
2018-05-17,160.58123779296875
2018-05-18,159.75125122070312
2018-05-21,160.6479949951172
2018-05-22,160.43804931640625
2018-05-23,161.792724609375
2018-05-24,161.7449951171875
2018-05-25,161.90721130371094
2018-05-29,161.19174194335938
2018-05-30,162.3460235595703
2018-05-31,162.2411346435547
2018-06-01,164.78823852539062
2018-06-04,166.27639770507812
2018-06-05,166.79156494140625
2018-06-06,167.76458740234375
2018-06-07,166.400390625
2018-06-08,166.40994262695312
2018-06-11,166.8583221435547
2018-06-12,167.7359161376953
2018-06-13,167.72640991210938
2018-06-14,169.42446899414062
2018-06-15,168.8330078125
2018-06-18,168.73550415039062
2018-06-19,168.25747680664062
2018-06-20,169.45254516601562
2018-06-21,167.98025512695312
2018-06-22,167.60745239257812
2018-06-25,163.8311309814453
2018-06-26,164.50035095214844
2018-06-27,162.2633056640625
2018-06-28,163.6591339111328
2018-06-29,164.09884643554688
2018-07-02,165.1982879638672
2018-07-03,163.28628540039062
2018-07-05,165.31300354003906
2018-07-06,167.8846893310547
2018-07-09,169.3951873779297
2018-07-10,169.51947021484375
2018-07-11,168.6590118408203
2018-07-12,171.5652618408203
2018-07-13,171.70870971679688
2018-07-16,171.297607421875
2018-07-17,172.33966064453125
2018-07-18,172.01455688476562
2018-07-19,171.1542205810547
2018-07-20,171.11593627929688
2018-07-23,171.66087341308594
2018-07-24,172.36834716796875
2018-07-25,174.77745056152344
2018-07-26,172.12933349609375
2018-07-27,169.80621337890625
2018-07-30,167.40663146972656
2018-07-31,168.68765258789062
2018-08-01,169.32823181152344
2018-08-02,171.63223266601562
2018-08-03,172.15802001953125
2018-08-06,173.17138671875
2018-08-07,173.80235290527344
2018-08-08,174.01268005371094
2018-08-09,173.90750122070312
2018-08-10,172.57864379882812
2018-08-13,172.38743591308594
2018-08-14,173.4677276611328
2018-08-15,171.34536743164062
2018-08-16,171.90943908691406
2018-08-17,171.94769287109375
2018-08-20,171.7947235107422
2018-08-21,172.42568969726562
2018-08-22,173.0949249267578
2018-08-23,172.84632873535156
2018-08-24,174.45245361328125
2018-08-27,176.23056030273438
2018-08-28,176.48873901367188
2018-08-29,178.52499389648438
2018-08-30,178.2095184326172
2018-08-31,178.43899536132812
2018-09-04,177.6741485595703
2018-09-05,175.37973022460938
2018-09-06,173.8118896484375
2018-09-07,173.14273071289062
2018-09-10,173.7259063720703
2018-09-11,175.0642852783203
2018-09-12,174.54803466796875
2018-09-13,176.41224670410156
2018-09-14,175.89598083496094
2018-09-17,173.36257934570312
2018-09-18,174.7965850830078
2018-09-19,174.6627655029297
2018-09-20,176.5939483642578
2018-09-21,175.62832641601562
2018-09-24,176.1167449951172
2018-09-25,176.35623168945312
2018-09-26,176.480712890625
2018-09-27,177.9747772216797
2018-09-28,177.93643188476562
2018-10-01,178.30039978027344
2018-10-02,177.8981170654297
2018-10-03,178.0897216796875
2018-10-04,174.6706085205078
2018-10-05,172.53485107421875
2018-10-08,171.48135375976562
2018-10-09,172.03684997558594
2018-10-10,164.47080993652344
2018-10-11,162.43080139160156
2018-10-12,166.95132446289062
2018-10-15,164.93048095703125
2018-10-16,169.72869873046875
2018-10-17,169.79571533203125
2018-10-18,165.85951232910156
2018-10-19,165.70623779296875
2018-10-22,166.55862426757812
2018-10-23,165.9456787109375
2018-10-24,158.3508758544922
2018-10-25,163.82911682128906
2018-10-26,159.61509704589844
2018-10-29,156.33006286621094
2018-10-30,158.90635681152344
2018-10-31,162.6415557861328
2018-11-01,164.78680419921875
2018-11-02,162.2200927734375
2018-11-05,161.81790161132812
2018-11-06,163.04379272460938
2018-11-07,168.15806579589844
2018-11-08,167.08538818359375
2018-11-09,164.2696075439453
2018-11-12,159.2990264892578
2018-11-13,159.43312072753906
2018-11-14,158.21681213378906
2018-11-15,160.98463439941406
2018-11-16,160.4196014404297
2018-11-19,155.2095489501953
2018-11-20,152.43211364746094
2018-11-21,153.59100341796875
2018-11-23,152.48001098632812
2018-11-26,156.00445556640625
2018-11-27,156.53126525878906
2018-11-28,161.56886291503906
2018-11-29,161.04209899902344
2018-11-30,162.21051025390625
2018-12-03,165.0454559326172
2018-12-04,158.71482849121094
2018-12-06,159.83535766601562
2018-12-07,154.55828857421875
2018-12-10,156.17686462402344
2018-12-11,156.69400024414062
2018-12-12,158.07313537597656
2018-12-13,158.12103271484375
2018-12-14,154.27098083496094
2018-12-17,150.7752685546875
2018-12-18,151.72341918945312
2018-12-19,147.9978485107422
2018-12-20,145.8525390625
2018-12-21,141.33209228515625
2018-12-24,137.8273162841797
2018-12-26,146.43309020996094
2018-12-27,146.9998016357422
2018-12-28,146.92291259765625
2018-12-31,148.16195678710938
2019-01-02,148.7574462890625
2019-01-03,143.89747619628906
2019-01-04,150.05401611328125
2019-01-07,151.8405303955078
2019-01-08,153.21400451660156
2019-01-09,154.4626007080078
2019-01-10,154.90444946289062
2019-01-11,154.3377685546875
2019-01-14,152.97389221191406
2019-01-15,155.96095275878906
2019-01-16,155.93214416503906
2019-01-17,157.1615447998047
2019-01-18,158.71751403808594
2019-01-22,155.53836059570312
2019-01-23,155.74005126953125
2019-01-24,156.74856567382812
2019-01-25,158.6214599609375
2019-01-28,156.66207885742188
2019-01-29,155.18296813964844
2019-01-30,159.13046264648438
2019-01-31,161.512451171875
2019-02-01,160.83050537109375
2019-02-04,162.82827758789062
2019-02-05,164.2689971923828
2019-02-06,163.77919006347656
2019-02-07,161.5797119140625
2019-02-08,161.89669799804688
2019-02-11,161.7429962158203
2019-02-12,164.13455200195312
2019-02-13,164.2498016357422
2019-02-14,164.45143127441406
2019-02-15,165.14303588867188
2019-02-19,165.46958923339844
2019-02-20,165.44081115722656
2019-02-21,164.83567810058594
2019-02-22,166.05548095703125
2019-02-25,166.6605682373047
2019-02-26,166.83343505859375
2019-02-27,166.727783203125
2019-02-28,166.34359741210938
2019-03-01,167.49620056152344
2019-03-04,167.52499389648438
2019-03-05,167.64987182617188
2019-03-06,166.69900512695312
2019-03-07,164.65322875976562
2019-03-08,164.40345764160156
2019-03-11,167.82272338867188
2019-03-12,168.74478149414062
2019-03-13,170.01254272460938
2019-03-14,169.72451782226562
2019-03-15,171.2996826171875
2019-03-18,171.70761108398438
2019-03-19,172.2849884033203
2019-03-20,172.96810913085938
2019-03-21,175.67193603515625
2019-03-22,171.8134765625
2019-03-25,171.48629760742188
2019-03-26,172.2849884033203
2019-03-27,171.17835998535156
2019-03-28,171.5729217529297
2019-03-29,172.8719024658203
2019-04-01,175.16195678710938
2019-04-02,175.82589721679688
2019-04-03,176.8362274169922
2019-04-04,176.7688751220703
2019-04-05,177.6829833984375
2019-04-08,178.1352081298828
2019-04-09,177.509765625
2019-04-10,178.46237182617188
2019-04-11,178.0390167236328
2019-04-12,178.80882263183594
2019-04-15,178.83763122558594
2019-04-16,179.45346069335938
2019-04-17,180.0789337158203
2019-04-18,180.3098602294922
2019-04-22,180.81983947753906
2019-04-23,183.1195068359375
2019-04-24,182.54220581054688
2019-04-25,183.2830810546875
2019-04-26,183.44664001464844
2019-04-29,183.80267333984375
2019-04-30,182.37863159179688
2019-05-01,181.7916259765625
2019-05-02,181.0026397705078
2019-05-03,183.8892822265625
2019-05-06,182.76348876953125
2019-05-07,179.2032928466797
2019-05-08,178.7510223388672
2019-05-09,177.78884887695312
2019-05-10,178.0101776123047
2019-05-13,171.83270263671875
2019-05-14,173.71861267089844
2019-05-15,176.17230224609375
2019-05-16,177.94277954101562
2019-05-17,176.12417602539062
2019-05-20,173.15090942382812
2019-05-21,174.95994567871094
2019-05-22,174.1804962158203
2019-05-23,171.5151824951172
2019-05-24,171.4285125732422
2019-05-28,170.78392028808594
2019-05-29,169.37904357910156
2019-05-30,170.0911102294922
2019-05-31,167.3776397705078
2019-06-03,163.69235229492188
2019-06-04,168.30137634277344
2019-06-05,169.55223083496094
2019-06-06,170.8993682861328
2019-06-07,174.19973754882812
2019-06-10,176.2300262451172
2019-06-11,176.47061157226562
2019-06-12,175.45065307617188
2019-06-13,176.48983764648438
2019-06-14,175.73928833007812
2019-06-17,176.79774475097656
2019-06-18,179.3668670654297
2019-06-19,180.04042053222656
2019-06-20,181.71469116210938
2019-06-21,181.44525146484375
2019-06-24,181.4510498046875
2019-06-25,178.336181640625
2019-06-26,179.16555786132812
2019-06-27,179.85023498535156
2019-06-28,180.08168029785156
2019-07-01,182.5117645263672
2019-07-02,183.23504638671875
2019-07-03,184.6140899658203
2019-07-05,184.2379913330078
2019-07-08,182.94578552246094
2019-07-09,183.86192321777344
2019-07-10,185.69415283203125
2019-07-11,185.5591583251953
2019-07-12,186.62954711914062
2019-07-15,187.22747802734375
2019-07-16,186.2631072998047
2019-07-17,185.3470001220703
2019-07-18,185.5591583251953
2019-07-19,184.19944763183594
2019-07-22,185.66526794433594
2019-07-23,186.8802947998047
2019-07-24,188.1917724609375
2019-07-25,186.40780639648438
2019-07-26,188.32676696777344
2019-07-29,187.6806640625
2019-07-30,186.87066650390625
2019-07-31,184.28623962402344
2019-08-01,183.37008666992188
2019-08-02,180.669921875
2019-08-05,174.2859344482422
2019-08-06,176.72572326660156
2019-08-07,177.6804656982422
2019-08-08,181.54745483398438
2019-08-09,179.84059143066406
2019-08-12,177.7769012451172
2019-08-13,181.67283630371094
2019-08-14,176.24354553222656
2019-08-15,176.0410614013672
2019-08-16,178.86660766601562
2019-08-19,181.7113800048828
2019-08-20,180.30345153808594
2019-08-21,181.904296875
2019-08-22,181.31600952148438
2019-08-23,175.57815551757812
2019-08-26,178.23011779785156
2019-08-27,177.85400390625
2019-08-28,178.49049377441406
2019-08-29,181.2196044921875
2019-08-30,180.78561401367188
2019-09-03,179.03053283691406
2019-09-04,181.61497497558594
2019-09-05,184.94198608398438
2019-09-06,184.75875854492188
2019-09-09,184.3730010986328
2019-09-10,183.8426055908203
2019-09-11,185.56878662109375
2019-09-12,186.34022521972656
2019-09-13,185.67491149902344
2019-09-16,184.84552001953125
2019-09-17,185.7327423095703
2019-09-18,185.65562438964844
2019-09-19,185.96420288085938
2019-09-20,183.99691772460938
2019-09-23,184.07809448242188
2019-09-24,181.6333770751953
2019-09-25,183.67225646972656
2019-09-26,182.99583435058594
2019-09-27,180.7250518798828
2019-09-30,182.445068359375
2019-10-01,180.95697021484375
2019-10-02,177.84548950195312
2019-10-03,179.79739379882812
2019-10-04,182.445068359375
2019-10-07,181.89427185058594
2019-10-08,179.16932678222656
2019-10-09,180.91835021972656
2019-10-10,182.31942749023438
2019-10-11,184.66749572753906
2019-10-14,184.648193359375
2019-10-15,186.9962615966797
2019-10-16,186.53240966796875
2019-10-17,187.0252227783203
2019-10-18,185.2279510498047
2019-10-21,186.87063598632812
2019-10-22,185.382568359375
2019-10-23,185.7400665283203
2019-10-24,187.54705810546875
2019-10-25,189.04476928710938
2019-10-28,190.90972900390625
2019-10-29,189.4312744140625
2019-10-30,190.34927368164062
2019-10-31,190.43626403808594
2019-11-01,192.16587829589844
2019-11-04,193.3544464111328
2019-11-05,193.4607391357422
2019-11-06,193.0259246826172
2019-11-07,193.67333984375
2019-11-08,194.44638061523438
2019-11-11,194.1854705810547
2019-11-12,194.7459259033203
2019-11-13,194.79421997070312
2019-11-14,194.63961791992188
2019-11-15,196.0697479248047
2019-11-18,196.22434997558594
2019-11-19,196.5142059326172
2019-11-20,195.3353271484375
2019-11-21,194.90049743652344
2019-11-22,195.02613830566406
2019-11-25,197.33558654785156
2019-11-26,197.71241760253906
2019-11-27,199.0941619873047
2019-11-29,198.18588256835938
2019-12-02,196.15670776367188
2019-12-03,194.6202850341797
2019-12-04,195.6059112548828
2019-12-05,195.99241638183594
2019-12-06,198.08924865722656
2019-12-09,197.1906280517578
2019-12-10,197.02630615234375
2019-12-11,198.0699462890625
2019-12-12,199.54835510253906
2019-12-13,200.20542907714844
2019-12-16,202.21531677246094
2019-12-17,202.33123779296875
2019-12-18,202.48587036132812
2019-12-19,203.751708984375
2019-12-20,204.57308959960938
2019-12-23,205.1134033203125
2019-12-24,205.21994018554688
2019-12-26,207.03077697753906
2019-12-27,206.8565216064453
2019-12-30,205.50079345703125
2019-12-31,205.8881378173828
2020-01-02,209.325927734375
2020-01-03,207.40847778320312
2020-01-06,208.7448272705078
2020-01-07,208.7158203125
2020-01-08,210.2845916748047
2020-01-09,212.06643676757812
2020-01-10,211.52413940429688
2020-01-13,213.96444702148438
2020-01-14,213.12196350097656
2020-01-15,213.2091064453125
2020-01-16,215.25242614746094
2020-01-17,216.317626953125
2020-01-21,216.22079467773438
2020-01-22,216.79214477539062
2020-01-23,217.4893798828125
2020-01-24,215.6591339111328
2020-01-27,211.20458984375
2020-01-28,214.44862365722656
2020-01-29,214.7972412109375
2020-01-30,215.56227111816406
2020-01-31,212.14389038085938
2020-02-03,215.3492431640625
2020-02-04,220.2783203125
2020-02-05,221.0045928955078
2020-02-06,222.91233825683594
2020-02-07,221.95362854003906
2020-02-10,224.6360321044922
2020-02-11,224.67478942871094
2020-02-12,226.8633270263672
2020-02-13,226.57284545898438
2020-02-14,227.22161865234375
2020-02-18,227.3087921142578
2020-02-19,229.48765563964844
2020-02-20,227.35723876953125
2020-02-21,222.98977661132812
2020-02-24,214.39053344726562
2020-02-25,208.5608673095703
2020-02-26,209.6357879638672
2020-02-27,199.13851928710938
2020-02-28,199.29347229003906
2020-03-02,209.57766723632812
2020-03-03,202.85708618164062
2020-03-04,211.32078552246094
2020-03-05,204.900390625
2020-03-06,201.4432373046875
2020-03-09,187.4500732421875
2020-03-10,197.65689086914062
2020-03-11,189.04791259765625
2020-03-12,171.7138671875
2020-03-13,186.25900268554688
2020-03-16,163.94740295410156
2020-03-17,176.38145446777344
2020-03-18,171.0166015625
2020-03-19,172.0431365966797
2020-03-20,165.30316162109375
2020-03-23,165.42250061035156
2020-03-24,178.23243713378906
2020-03-25,176.9126434326172
2020-03-26,186.2289276123047
2020-03-27,179.8239288330078
2020-03-30,186.36476135253906
2020-03-31,184.7732696533203
2020-04-01,176.92230224609375
2020-04-02,180.5129852294922
2020-04-03,177.95101928710938
2020-04-06,190.67355346679688
2020-04-07,190.59596252441406
2020-04-08,194.64273071289062
2020-04-09,194.9241485595703
2020-04-13,197.02999877929688
2020-04-14,205.5990447998047
2020-04-15,203.24090576171875
2020-04-16,206.94796752929688
2020-04-17,208.9276580810547
2020-04-20,206.4530487060547
2020-04-21,198.83505249023438
2020-04-22,204.73536682128906
2020-04-23,204.2986297607422
2020-04-24,207.52052307128906
2020-04-27,209.18966674804688
2020-04-28,205.24974060058594
2020-04-29,212.52806091308594
2020-04-30,212.44068908691406
2020-05-01,206.4530487060547
2020-05-04,208.85977172851562
2020-05-05,211.22763061523438
2020-05-06,212.52806091308594
2020-05-07,215.26470947265625
2020-05-08,218.21487426757812
2020-05-11,220.1654510498047
2020-05-12,215.55580139160156
2020-05-13,212.8579864501953
2020-05-14,215.27439880371094
2020-05-15,216.67185974121094
2020-05-18,220.7089385986328
2020-05-19,220.15577697753906
2020-05-20,224.55189514160156
2020-05-21,222.10635375976562
2020-05-22,222.87301635742188
2020-05-26,222.27133178710938
2020-05-27,223.48440551757812
2020-05-28,223.1932830810547
2020-05-29,226.4636688232422
2020-06-01,227.1429901123047
2020-06-02,228.6665802001953
2020-06-03,229.6952362060547
2020-06-04,228.08432006835938
2020-06-05,232.6066131591797
2020-06-08,234.41163635253906
2020-06-09,236.10995483398438
2020-06-10,238.94363403320312
2020-06-11,227.1041717529297
2020-06-12,228.9092254638672
2020-06-15,231.6944122314453
2020-06-16,235.67323303222656
2020-06-17,236.4204559326172
2020-06-18,237.06094360351562
2020-06-19,237.02215576171875
2020-06-22,239.86465454101562
2020-06-23,241.90615844726562
2020-06-24,236.9191131591797
2020-06-25,239.1744384765625
2020-06-26,233.52633666992188
2020-06-29,236.0733642578125
2020-06-30,240.70071411132812
2020-07-01,243.51019287109375
2020-07-02,245.1627960205078
2020-07-06,251.19003295898438
2020-07-07,249.45962524414062
2020-07-08,252.7454376220703
2020-07-09,254.87437438964844
2020-07-10,256.614501953125
2020-07-13,251.33592224121094
2020-07-14,253.1148681640625
2020-07-15,253.6300811767578
2020-07-16,251.89971923828125
2020-07-17,252.1912841796875
2020-07-20,259.34625244140625
2020-07-21,256.6437072753906
2020-07-22,257.54779052734375
2020-07-23,250.82066345214844
2020-07-24,248.4389190673828
2020-07-27,252.87184143066406
2020-07-28,249.65406799316406
2020-07-29,252.53158569335938
2020-07-30,253.85372924804688
2020-07-31,258.38385009765625
2020-08-03,261.8738098144531
2020-08-04,262.845947265625
2020-08-05,263.4972229003906
2020-08-06,266.9872131347656
2020-08-07,263.9055480957031
2020-08-10,262.77789306640625
2020-08-11,257.80059814453125
2020-08-12,264.28466796875
2020-08-13,264.88751220703125
2020-08-14,264.57635498046875
2020-08-17,267.6482849121094
2020-08-18,270.22442626953125
2020-08-19,268.40655517578125
2020-08-20,272.1297912597656
2020-08-21,274.0157775878906
2020-08-24,275.7267761230469
2020-08-25,277.8946228027344
2020-08-26,283.82464599609375
2020-08-27,282.9399108886719
2020-08-28,284.3787841796875
2020-08-31,286.66326904296875
2020-09-01,291.5628662109375
2020-09-02,294.3236389160156
2020-09-03,279.4013977050781
2020-09-04,275.6780700683594
2020-09-08,262.427978515625
2020-09-09,270.13690185546875
2020-09-10,264.75128173828125
2020-09-11,262.9140319824219
2020-09-14,267.4927673339844
2020-09-15,271.2840881347656
2020-09-16,266.9580383300781
2020-09-17,262.7876892089844
2020-09-18,259.4338073730469
2020-09-21,260.055908203125
2020-09-22,264.88751220703125
2020-09-23,256.7992858886719
2020-09-24,257.9949645996094
2020-09-25,263.9930419921875
2020-09-28,269.4759216308594
2020-09-29,268.2607727050781
2020-09-30,270.0980224609375
2020-10-01,274.38519287109375
2020-10-02,266.66644287109375
2020-10-05,272.3534240722656
2020-10-06,267.4927673339844
2020-10-07,272.1201477050781
2020-10-08,273.5685729980469
2020-10-09,277.7486877441406
2020-10-12,286.3229675292969
2020-10-13,286.3132629394531
2020-10-14,283.921875
2020-10-15,282.0164489746094
2020-10-16,280.47076416015625
2020-10-19,275.8920593261719
2020-10-20,276.4849853515625
2020-10-21,276.2710876464844
2020-10-22,276.2614440917969
2020-10-23,276.8058776855469
2020-10-26,272.65478515625
2020-10-27,274.7837219238281
2020-10-28,264.0708923339844
2020-10-29,268.6884765625
2020-10-30,261.8738098144531
2020-11-02,262.4570617675781
2020-11-03,266.9969482421875
2020-11-04,278.9154052734375
2020-11-05,286.18695068359375
2020-11-06,286.40069580078125
2020-11-09,280.54852294921875
2020-11-10,275.5225524902344
2020-11-11,281.68597412109375
2020-11-12,280.3637390136719
2020-11-13,282.82330322265625
2020-11-16,285.03009033203125
2020-11-17,284.12603759765625
2020-11-18,282.0261535644531
2020-11-19,284.2328796386719
2020-11-20,282.2886962890625
2020-11-23,282.29833984375
2020-11-24,286.2646789550781
2020-11-25,288.02423095703125
2020-11-27,290.6781921386719
2020-11-30,291.271240234375
2020-12-01,295.0041809082031
2020-12-02,295.3833312988281
2020-12-03,295.8012390136719
2020-12-04,297.00677490234375
2020-12-07,298.6885681152344
2020-12-08,299.6996154785156
2020-12-09,292.91412353515625
2020-12-10,294.09039306640625
2020-12-11,293.4390869140625
2020-12-14,295.56805419921875
2020-12-15,298.7274475097656
2020-12-16,300.370361328125
2020-12-17,302.3340759277344
2020-12-18,301.4202880859375
2020-12-21,300.8564453125
2020-12-22,301.6744384765625
2020-12-23,300.1551818847656
2020-12-24,301.4796447753906
2020-12-28,304.5182189941406
2020-12-29,304.7909240722656
2020-12-30,304.8006286621094
2020-12-31,305.550537109375
2021-01-04,301.2361755371094
2021-01-05,303.7196044921875
2021-01-06,299.512451171875
2021-01-07,306.75823974609375
2021-01-08,310.7025146484375
2021-01-11,306.2127685546875
2021-01-12,305.72589111328125
2021-01-13,307.7904968261719
2021-01-14,306.1446228027344
2021-01-15,303.7196044921875
2021-01-19,308.15087890625
2021-01-20,315.3187561035156
2021-01-21,317.8411560058594
2021-01-22,316.92572021484375
2021-01-25,319.5454406738281
2021-01-26,320.0129699707031
2021-01-27,311.0920104980469
2021-01-28,312.9327697753906
2021-01-29,306.3491516113281
2021-02-01,314.0039978027344
2021-02-02,319.1266174316406
2021-02-03,317.860595703125
2021-02-04,321.6199035644531
2021-02-05,322.71063232421875
2021-02-08,324.8726806640625
2021-02-09,324.80450439453125
2021-02-10,324.06439208984375
2021-02-11,325.8465576171875
2021-02-12,327.66778564453125
2021-02-16,326.781494140625
2021-02-17,325.21356201171875
2021-02-18,323.79168701171875
2021-02-19,322.3795166015625
2021-02-22,314.0234375
2021-02-23,313.0885925292969
2021-02-24,315.6693115234375
2021-02-25,304.6642761230469
2021-02-26,305.9400634765625
2021-03-01,315.1434020996094
2021-03-02,310.0889587402344
2021-03-03,301.090087890625
2021-03-04,296.1622619628906
2021-03-05,300.62261962890625
2021-03-08,292.1108093261719
2021-03-09,303.6319274902344
2021-03-10,302.7652282714844
2021-03-11,309.7383117675781
2021-03-12,307.2256774902344
2021-03-15,310.5076599121094
2021-03-16,312.2120056152344
2021-03-17,313.49761962890625
2021-03-18,303.89495849609375
2021-03-19,304.9662170410156
2021-03-22,310.68536376953125
2021-03-23,309.3299865722656
2021-03-24,304.1130065917969
2021-03-25,303.58642578125
2021-03-26,308.14031982421875
2021-03-29,308.05255126953125
2021-03-30,306.5020446777344
2021-03-31,311.19244384765625
2021-04-01,316.4971008300781
2021-04-05,322.81591796875
2021-04-06,322.5916748046875
2021-04-07,323.3716735839844
2021-04-08,326.7457275390625
2021-04-09,328.7252197265625
2021-04-12,328.296142578125
2021-04-13,332.12835693359375
2021-04-14,328.14013671875
2021-04-15,333.1133117675781
2021-04-16,333.50335693359375
2021-04-19,330.4512023925781
2021-04-20,328.0425720214844
2021-04-21,330.85101318359375
2021-04-22,326.8626708984375
2021-04-23,330.9777526855469
2021-04-26,333.1328125
2021-04-27,331.68963623046875
2021-04-28,330.5682373046875
2021-04-29,331.7578430175781
2021-04-30,329.5833435058594
2021-05-03,327.8280334472656
2021-05-04,321.92852783203125
2021-05-05,320.84619140625
2021-05-06,323.2645263671875
2021-05-07,325.8875732421875
2021-05-10,317.6575622558594
2021-05-11,317.21868896484375
2021-05-12,309.0082092285156
2021-05-13,311.3971862792969
2021-05-14,318.2718505859375
2021-05-17,316.3410949707031
2021-05-18,314.20556640625
2021-05-19,314.56640625
2021-05-20,320.651123046875
2021-05-21,318.8764343261719
2021-05-24,324.2396240234375
2021-05-25,324.6881103515625
2021-05-26,325.8193359375
2021-05-27,324.6004943847656
2021-05-28,325.6242980957031
2021-06-01,324.5419616699219
2021-06-02,325.1758117675781
2021-06-03,321.79205322265625
2021-06-04,327.2527160644531
2021-06-07,328.2278747558594
2021-06-08,328.3838806152344
2021-06-09,328.4619445800781
2021-06-10,331.8846435546875
2021-06-11,332.75244140625
2021-06-14,335.9411315917969
2021-06-15,333.7470703125
2021-06-16,332.52825927734375
2021-06-17,336.75048828125
2021-06-18,334.1078796386719
2021-06-21,336.1844177246094
2021-06-22,339.31817626953125
2021-06-23,339.484130859375
2021-06-24,341.5831604003906
2021-06-25,341.163330078125
2021-06-28,345.3123779296875
2021-06-29,346.5620422363281
2021-06-30,346.0152893066406
2021-07-01,346.1520690917969
2021-07-02,350.1253967285156
2021-07-06,351.63861083984375
2021-07-07,352.380615234375
2021-07-08,350.2522888183594
2021-07-09,352.4390869140625
2021-07-12,353.8156433105469
2021-07-13,353.8156433105469
2021-07-14,354.45025634765625
2021-07-15,351.960693359375
2021-07-16,349.11004638671875
2021-07-19,346.24969482421875
2021-07-20,350.27178955078125
2021-07-21,352.9760437011719
2021-07-22,355.3093566894531
2021-07-23,359.45843505859375
2021-07-26,359.7415466308594
2021-07-27,355.77783203125
2021-07-28,357.1446228027344
2021-07-29,357.77923583984375
2021-07-30,355.9146423339844
2021-08-02,355.94390869140625
2021-08-03,358.10137939453125
2021-08-04,358.61883544921875
2021-08-05,360.89349365234375
2021-08-06,359.31195068359375
2021-08-09,359.975830078125
2021-08-10,358.1307067871094
2021-08-11,357.5156555175781
2021-08-12,358.8043212890625
2021-08-13,360.0636901855469
2021-08-16,360.21990966796875
2021-08-17,357.0470275878906
2021-08-18,353.6106262207031
2021-08-19,355.3190612792969
2021-08-20,358.9996032714844
2021-08-23,364.36895751953125
2021-08-24,365.4818420410156
2021-08-25,365.90167236328125
2021-08-26,363.5782470703125
2021-08-27,367.1123046875
2021-08-30,371.2320251464844
2021-08-31,370.9294128417969
2021-09-01,371.54449462890625
2021-09-02,371.3687438964844
2021-09-03,372.51092529296875
2021-09-07,373.0382080078125
2021-09-08,371.73974609375
2021-09-09,370.4608459472656
2021-09-10,367.64923095703125
2021-09-13,367.3953552246094
2021-09-14,366.3507995605469
2021-09-15,369.0745849609375
2021-09-16,369.3283996582031
2021-09-17,364.9547119140625
2021-09-20,357.41363525390625
2021-09-21,357.85333251953125
2021-09-22,361.1959228515625
2021-09-23,364.5286560058594
2021-09-24,364.87066650390625
2021-09-27,361.9582214355469
2021-09-28,351.7156677246094
2021-09-29,351.1390686035156
2021-09-30,349.84893798828125
2021-10-01,352.01861572265625
2021-10-04,344.6300048828125
2021-10-05,349.2821350097656
2021-10-06,351.52020263671875
2021-10-07,354.7453918457031
2021-10-08,352.9764709472656
2021-10-11,350.2691955566406
2021-10-12,349.047607421875
2021-10-13,351.8427734375
2021-10-14,358.3225402832031
2021-10-15,360.5801696777344
2021-10-18,364.2060546875
2021-10-19,366.9621887207031
2021-10-20,366.4832763671875
2021-10-21,368.7213439941406
2021-10-22,365.6231994628906
2021-10-25,369.3664855957031
2021-10-26,370.5295104980469
2021-10-27,371.3895263671875
2021-10-28,375.513916015625
2021-10-29,377.3611145019531
2021-11-01,378.6512145996094
2021-11-02,380.2344665527344
2021-11-03,384.27093505859375
2021-11-04,389.19671630859375
2021-11-05,389.5680847167969
2021-11-08,389.040283203125
2021-11-09,386.3624267578125
2021-11-10,380.68408203125
2021-11-11,381.7396240234375
2021-11-12,385.7564697265625
2021-11-15,385.66851806640625
2021-11-16,388.4148864746094
2021-11-17,388.62005615234375
2021-11-18,392.64666748046875
2021-11-19,394.83587646484375
2021-11-22,390.2522277832031
2021-11-23,388.4734802246094
2021-11-24,389.7244567871094
2021-11-26,382.3357849121094
2021-11-29,390.6333312988281
2021-11-30,384.8964538574219
2021-12-01,378.3481750488281
2021-12-02,381.07501220703125
2021-12-03,374.4486389160156
2021-12-06,377.4491271972656
2021-12-07,388.8155212402344
2021-12-08,390.55523681640625
2021-12-09,384.8084411621094
2021-12-10,388.9914245605469
2021-12-13,383.37176513671875
2021-12-14,379.4036865234375
2021-12-15,388.05322265625
2021-12-16,378.0745849609375
2021-12-17,376.1883544921875
2021-12-20,372.5391540527344
2021-12-21,380.8766784667969
2021-12-22,385.5152587890625
2021-12-23,388.42169189453125
2021-12-27,394.8412170410156
2021-12-28,393.0111389160156
2021-12-29,392.9524841308594
2021-12-30,391.7781982421875
2021-12-31,389.33172607421875
2022-01-03,393.0797119140625
2022-01-04,387.98126220703125
2022-01-05,376.0620422363281
2022-01-06,375.7978515625
2022-01-07,371.72686767578125
2022-01-10,371.9715270996094
2022-01-11,377.5592956542969
2022-01-12,379.05657958984375
2022-01-13,369.57403564453125
2022-01-14,371.8736877441406
2022-01-18,362.6162109375
2022-01-19,358.63336181640625
2022-01-20,353.9753112792969
2022-01-21,344.1600646972656
2022-01-24,345.7354736328125
2022-01-25,337.72088623046875
2022-01-26,337.1924743652344
2022-01-27,333.7968444824219
2022-01-28,344.2677001953125
2022-01-31,355.27685546875
2022-02-01,357.6939392089844
2022-02-02,360.6003723144531
2022-02-03,345.98016357421875
2022-02-04,350.3447570800781
2022-02-07,347.5263671875
2022-02-08,351.4308776855469
2022-02-09,358.87799072265625
2022-02-10,350.7557373046875
2022-02-11,339.6291809082031
2022-02-14,340.0499572753906
2022-02-15,348.50494384765625
2022-02-16,348.41693115234375
2022-02-17,338.0536193847656
2022-02-18,334.1980285644531
2022-02-22,330.8414001464844
2022-02-23,322.3669128417969
2022-02-24,333.1998291015625
2022-02-25,338.36676025390625
2022-02-28,339.3747253417969
2022-03-01,334.17840576171875
2022-03-02,339.7857666015625
2022-03-03,334.93194580078125
2022-03-04,330.0780944824219
2022-03-07,317.9044494628906
2022-03-08,316.42681884765625
2022-03-09,327.817626953125
2022-03-10,324.17724609375
2022-03-11,317.4543762207031
2022-03-14,311.3576965332031
2022-03-15,321.1240539550781
2022-03-16,333.0335388183594
2022-03-17,337.0653076171875
2022-03-18,343.96435546875
2022-03-21,343.0080261230469
2022-03-22,349.74908447265625
2022-03-23,344.72265625
2022-03-24,352.38470458984375
2022-03-25,352.0907287597656
2022-03-28,357.5384826660156
2022-03-29,363.691650390625
2022-03-30,359.6744384765625
2022-03-31,355.21636962890625
2022-04-01,354.5402526855469
2022-04-04,361.83978271484375
2022-04-05,353.805419921875
2022-04-06,346.123779296875
2022-04-07,346.9468688964844
2022-04-08,342.0968017578125
2022-04-11,334.00372314453125
2022-04-12,332.5928039550781
2022-04-13,339.3533935546875
2022-04-14,331.5934143066406
2022-04-18,331.8481140136719
2022-04-19,339.2652587890625
2022-04-20,334.3172607421875
2022-04-21,327.39984130859375
2022-04-22,318.8266296386719
2022-04-25,322.9221496582031
2022-04-26,310.7335205078125
2022-04-27,310.3611755371094
2022-04-28,321.3839111328125
2022-04-29,306.92205810546875
2022-05-02,312.0463562011719
2022-05-03,312.37957763671875
2022-05-04,322.9418029785156
2022-05-05,306.6771240234375
2022-05-06,303.0028381347656
2022-05-09,291.14727783203125
2022-05-10,294.6844177246094
2022-05-11,285.9445495605469
2022-05-12,285.26849365234375
2022-05-13,295.8404541015625
2022-05-16,292.41119384765625
2022-05-17,299.9851379394531
2022-05-18,285.2586669921875
2022-05-19,283.7302551269531
2022-05-20,282.848388671875
2022-05-23,287.5514221191406
2022-05-24,281.4375305175781
2022-05-25,285.3763122558594
2022-05-26,293.283203125
2022-05-27,302.8559265136719
2022-05-31,302.05242919921875
2022-06-01,299.8185119628906
2022-06-02,308.0292053222656
2022-06-03,300.0145263671875
2022-06-06,301.01385498046875
2022-06-07,303.6103515625
2022-06-08,301.42535400390625
2022-06-09,293.35186767578125
2022-06-10,283.0051574707031
2022-06-13,269.8464660644531
2022-06-14,270.3363952636719
2022-06-15,277.0871276855469
2022-06-16,265.9076843261719
2022-06-17,269.14105224609375
2022-06-21,275.9312744140625
2022-06-22,275.52880859375
2022-06-23,279.63226318359375
2022-06-24,289.2134704589844
2022-06-27,287.0930480957031
2022-06-28,278.34619140625
2022-06-29,278.60150146484375
2022-06-30,275.1458740234375
2022-07-01,276.96209716796875
2022-07-05,281.70355224609375
2022-07-06,283.5098571777344
2022-07-07,289.5767517089844
2022-07-08,289.9399108886719
2022-07-11,283.7455139160156
2022-07-12,280.996826171875
2022-07-13,280.4175720214844
2022-07-14,281.41900634765625
2022-07-15,286.5236511230469
2022-07-18,284.098876953125
2022-07-19,292.83587646484375
2022-07-20,297.479248046875
2022-07-21,301.74957275390625
2022-07-22,296.4582824707031
2022-07-25,294.7698059082031
2022-07-26,288.9778747558594
2022-07-27,301.1899719238281
2022-07-28,304.1350402832031
2022-07-29,309.6815185546875
2022-08-01,309.4949645996094
2022-08-02,308.5722351074219
2022-08-03,316.9754638671875
2022-08-04,318.4578552246094
2022-08-05,315.8564147949219
2022-08-08,314.83538818359375
2022-08-09,311.2718505859375
2022-08-10,319.9596862792969
2022-08-11,318.1436462402344
2022-08-12,324.33807373046875
2022-08-15,326.9591369628906
2022-08-16,326.1934509277344
2022-08-17,322.47283935546875
2022-08-18,323.2484130859375
2022-08-19,316.94598388671875
2022-08-22,308.6016540527344
2022-08-23,308.3464660644531
2022-08-24,309.2398681640625
2022-08-25,314.7077941894531
2022-08-26,301.8084411621094
2022-08-29,298.8339538574219
2022-08-30,295.5060119628906
2022-08-31,293.7881164550781
2022-09-01,293.91571044921875
2022-09-02,289.7632751464844
2022-09-06,287.6820373535156
2022-09-07,293.49359130859375
2022-09-08,295.01519775390625
2022-09-09,301.4648132324219
2022-09-12,305.0480041503906
2022-09-13,288.3201599121094
2022-09-14,290.6075439453125
2022-09-15,285.76776123046875
2022-09-16,284.0204162597656
2022-09-19,286.232177734375
2022-09-20,283.9505615234375
2022-09-21,278.8660888671875
2022-09-22,275.4339294433594
2022-09-23,270.9493713378906
2022-09-26,269.8282775878906
2022-09-27,269.9364318847656
2022-09-28,275.3060607910156
2022-09-29,267.3695983886719
2022-09-30,262.8359680175781
2022-10-03,269.0021667480469
2022-10-04,277.4598083496094
2022-10-05,277.312255859375
2022-10-06,275.12908935546875
2022-10-07,264.6455383300781
2022-10-10,262.0
2022-10-11,258.4006042480469
2022-10-12,258.3121032714844
2022-10-13,264.3701171875
2022-10-14,256.4238586425781
2022-10-17,264.891357421875
2022-10-18,266.98614501953125
2022-10-19,266.0124816894531
2022-10-20,264.6553039550781
2022-10-21,270.8608703613281
2022-10-24,273.8407287597656
2022-10-25,279.50537109375
2022-10-26,273.32928466796875
2022-10-27,268.3530578613281
2022-10-28,276.56488037109375
2022-10-31,273.3489685058594
2022-11-01,270.5559997558594
2022-11-02,261.2821350097656
2022-11-03,256.1780090332031
2022-11-04,260.298583984375
2022-11-07,263.16046142578125
2022-11-08,265.0782165527344
2022-11-09,258.961181640625
2022-11-10,278.0694885253906
2022-11-11,283.19329833984375
2022-11-14,280.7150573730469
2022-11-15,284.5996398925781
2022-11-16,280.7150573730469
2022-11-17,280.0954895019531
2022-11-18,280.10528564453125
2022-11-21,277.2237548828125
2022-11-22,281.2165832519531
2022-11-23,284.0390319824219
2022-11-25,282.1705017089844
2022-11-28,278.0301818847656
2022-11-29,275.9256286621094
2022-11-30,288.50390625
2022-12-01,288.85797119140625
2022-12-02,287.707275390625
2022-12-05,282.87860107421875
2022-12-06,277.0172424316406
2022-12-07,275.8862609863281
2022-12-08,279.15130615234375
2022-12-09,277.37127685546875
2022-12-12,280.8526611328125
2022-12-13,283.871826171875
2022-12-14,281.7673034667969
2022-12-15,272.3065490722656
2022-12-16,269.7102355957031
2022-12-19,265.9197998046875
2022-12-20,265.7127990722656
2022-12-21,269.5673522949219
2022-12-22,262.9722900390625
2022-12-23,263.56378173828125
2022-12-27,259.83740234375
2022-12-28,256.4068908691406
2022-12-29,262.6568908691406
2022-12-30,262.49908447265625
2023-01-03,260.724609375
2023-01-04,261.9667663574219
2023-01-05,257.8658142089844
2023-01-06,264.9832763671875
2023-01-09,266.69866943359375
2023-01-10,268.95611572265625
2023-01-11,273.60906982421875
2023-01-12,275.0877685546875
2023-01-13,276.98052978515625
2023-01-17,277.5424499511719
2023-01-18,273.9344482421875
2023-01-19,271.2431945800781
2023-01-20,278.6662292480469
2023-01-23,284.8570861816406
2023-01-24,284.2755126953125
2023-01-25,283.6445617675781
2023-01-26,289.1749267578125
2023-01-27,292.0534362792969
2023-01-30,286.1484375
2023-01-31,290.436767578125
2023-02-01,296.64727783203125
2023-02-02,307.2938537597656
2023-02-03,301.8325500488281
2023-02-06,299.27935791015625
2023-02-07,305.48004150390625
2023-02-08,300.04827880859375
2023-02-09,297.3964538574219
2023-02-10,295.4446105957031
2023-02-13,300.1764221191406
2023-02-14,302.3945007324219
2023-02-15,304.7110900878906
2023-02-16,298.9934997558594
2023-02-17,296.8838806152344
2023-02-21,289.85504150390625
2023-02-22,290.072021484375
2023-02-23,292.60546875
2023-02-24,287.7060546875
2023-02-27,289.7663269042969
2023-02-28,289.39178466796875
2023-03-01,287.0652770996094
2023-03-02,289.4410095214844
2023-03-03,295.4248352050781
2023-03-06,295.7600402832031
2023-03-07,292.1322937011719
2023-03-08,293.5912780761719
2023-03-09,288.5045471191406
2023-03-10,284.452880859375
2023-03-13,286.5625
2023-03-14,293.1476135253906
2023-03-15,294.685546875
2023-03-16,302.45367431640625
2023-03-17,301.024169921875
2023-03-20,302.0924987792969
2023-03-21,306.40716552734375
2023-03-22,302.2406005859375
2023-03-23,305.8245849609375
2023-03-24,306.9501953125
2023-03-27,304.8471984863281
2023-03-28,303.2279357910156
2023-03-29,308.7569580078125
2023-03-30,311.6794128417969
2023-03-31,316.8629150390625
2023-04-03,316.0928039550781
2023-04-04,315.0265197753906
2023-04-05,311.9164123535156
2023-04-06,314.0194091796875
2023-04-10,313.8416748046875
2023-04-11,311.82757568359375
2023-04-12,309.07293701171875
2023-04-13,315.125244140625
2023-04-14,314.5328369140625
2023-04-17,314.7994079589844
2023-04-18,314.8192138671875
2023-04-19,314.6710510253906
2023-04-20,312.27191162109375
2023-04-21,312.5976867675781
2023-04-24,311.946044921875
2023-04-25,306.06158447265625
2023-04-26,307.9177551269531
2023-04-27,316.2903137207031
2023-04-28,318.4722595214844
2023-05-01,318.1069641113281
2023-05-02,315.3325500488281
2023-05-03,313.26904296875
2023-05-04,312.1632385253906
2023-05-05,318.7981262207031
2023-05-08,319.58795166015625
2023-05-09,317.56390380859375
2023-05-10,321.0195617675781
2023-05-11,322.0661315917969
2023-05-12,320.91094970703125
2023-05-15,322.648681640625
2023-05-16,323.01397705078125
2023-05-17,326.923828125
2023-05-18,332.9958190917969
2023-05-19,332.2455139160156
2023-05-22,333.3611755371094
2023-05-23,329.1353759765625
2023-05-24,327.44708251953125
2023-05-25,335.414794921875
2023-05-26,343.98480224609375
2023-05-30,345.5447998046875
2023-05-31,343.58001708984375
2023-06-01,347.5490417480469
2023-06-02,350.15557861328125
2023-06-05,350.40240478515625
2023-06-06,350.34320068359375
2023-06-07,344.3995056152344
2023-06-08,348.6745910644531
2023-06-09,350.00750732421875
2023-06-12,355.92156982421875
2023-06-13,358.6565246582031
2023-06-14,361.2630310058594
2023-06-15,365.5677795410156
2023-06-16,363.2673034667969
2023-06-20,362.7472839355469
2023-06-21,357.8038330078125
2023-06-22,362.0255126953125
2023-06-23,358.4366149902344
2023-06-26,353.63165283203125
2023-06-27,359.7120056152344
2023-06-28,360.41400146484375
2023-06-29,359.6922607421875
2023-06-30,365.23870849609375
2023-07-03,366.0989074707031
2023-07-05,366.0889892578125
2023-07-06,363.30096435546875
2023-07-07,362.0946960449219
2023-07-10,362.2133483886719
2023-07-11,364.0028991699219
2023-07-12,368.60028076171875
2023-07-13,374.8585510253906
2023-07-14,374.7795104980469
2023-07-17,378.2794494628906
2023-07-18,381.3740539550781
2023-07-19,381.2850646972656
2023-07-20,372.49566650390625
2023-07-21,371.37847900390625
2023-07-24,371.9716491699219
2023-07-25,374.4927673339844
2023-07-26,373.2470703125
2023-07-27,372.35723876953125
2023-07-28,379.1396179199219
2023-07-31,379.3373107910156
2023-08-01,378.45745849609375
2023-08-02,370.1524963378906
2023-08-03,369.5592956542969
2023-08-04,367.8290710449219
2023-08-07,370.9433898925781
2023-08-08,367.78955078125
2023-08-09,363.7458801269531
2023-08-10,364.41815185546875
2023-08-11,362.0946960449219
2023-08-14,366.1582336425781
2023-08-15,362.2726745605469
2023-08-16,358.4366149902344
2023-08-17,354.5214538574219
2023-08-18,354.0765075683594
2023-08-21,359.7812194824219
2023-08-22,359.2671203613281
2023-08-23,364.9322509765625
2023-08-24,357.13153076171875
2023-08-25,359.89984130859375
2023-08-28,362.60888671875
2023-08-29,370.5281677246094
2023-08-30,372.5945129394531
2023-08-31,373.7117004394531
2023-09-01,373.3162536621094
2023-09-05,373.7908630371094
2023-09-06,370.4985656738281
2023-09-07,367.8489074707031
2023-09-08,368.36297607421875
2023-09-11,372.7032775878906
2023-09-12,368.57061767578125
2023-09-13,369.9745178222656
2023-09-14,372.9998474121094
2023-09-15,366.6130065917969
2023-09-18,366.9951477050781
2023-09-19,366.2129821777344
2023-09-20,360.93572998046875
2023-09-21,354.32171630859375
2023-09-22,354.3712463378906
2023-09-25,356.0544128417969
2023-09-26,350.7078552246094
2023-09-27,351.5296325683594
2023-09-28,354.47027587890625
2023-09-29,354.7276916503906
2023-10-02,357.6881408691406
2023-10-03,351.41082763671875
2023-10-04,356.1930847167969
2023-10-05,355.1435546875
2023-10-06,361.0941162109375
2023-10-09,362.93572998046875
2023-10-10,364.9456481933594
2023-10-11,367.5496826171875
2023-10-12,366.27239990234375
2023-10-13,361.6684265136719
2023-10-16,365.7575378417969
2023-10-17,364.55950927734375
2023-10-18,359.7772521972656
2023-10-19,356.410888671875
2023-10-20,351.0939636230469
2023-10-23,352.1534118652344
2023-10-24,355.5791931152344
2023-10-25,346.8760681152344
2023-10-26,340.2621765136719
2023-10-27,341.8958435058594
2023-10-30,345.7474060058594
2023-10-31,347.40081787109375
2023-11-01,353.4306335449219
2023-11-02,359.8465576171875
2023-11-03,364.0743408203125
2023-11-06,365.5594787597656
2023-11-07,369.0150146484375
2023-11-08,369.25262451171875
2023-11-09,366.4110107421875
2023-11-10,374.6487731933594
2023-11-13,373.4803771972656
2023-11-14,381.5201110839844
2023-11-15,381.8072814941406
2023-11-16,382.1340026855469
2023-11-17,382.22314453125
2023-11-20,386.8766784667969
2023-11-21,384.6291198730469
2023-11-22,386.203369140625
2023-11-24,385.6588439941406
2023-11-27,385.32220458984375
2023-11-28,386.3320617675781
2023-11-29,385.9558410644531
2023-11-30,384.9854736328125
2023-12-01,386.0845031738281
2023-12-04,382.5003356933594
2023-12-05,383.46075439453125
2023-12-06,381.24285888671875
2023-12-07,386.5697021484375
2023-12-08,388.29254150390625
2023-12-11,391.609375
2023-12-12,394.728271484375
2023-12-13,399.7480773925781
2023-12-14,399.4015808105469
2023-12-15,401.332275390625
2023-12-18,403.8600769042969
2023-12-19,405.9236755371094
2023-12-20,399.89178466796875
2023-12-21,404.5447082519531
2023-12-22,405.1498718261719
2023-12-26,407.630126953125
2023-12-27,408.4599609375
2023-12-28,408.2613830566406
2023-12-29,406.4945373535156
2024-01-02,399.61572265625
2024-01-03,395.3872375488281
2024-01-04,393.3523254394531
2024-01-05,393.81890869140625
2024-01-08,401.95831298828125
2024-01-09,402.75238037109375
2024-01-10,405.48211669921875
2024-01-11,406.3258056640625
2024-01-12,406.53424072265625
2024-01-16,406.4945373535156
2024-01-17,404.2016296386719
2024-01-18,409.93890380859375
2024-01-19,418.0683898925781
2024-01-22,418.6143798828125
2024-01-23,420.3514404296875
2024-01-24,422.68402099609375
2024-01-25,423.2002258300781
2024-01-26,420.6789855957031
2024-01-29,424.9869079589844
2024-01-30,422.1579284667969
2024-01-31,413.8895568847656
2024-02-01,418.76324462890625
2024-02-02,425.8405456542969
2024-02-05,425.28472900390625
2024-02-06,424.4310302734375
2024-02-07,428.7985534667969
2024-02-08,429.5926513671875
2024-02-09,433.8211364746094
2024-02-12,432.123779296875
2024-02-13,425.38397216796875
2024-02-14,430.01947021484375
2024-02-15,431.2999572753906
2024-02-16,427.3890380859375
2024-02-20,424.1630554199219
2024-02-21,422.4656677246094
2024-02-22,434.8336181640625
2024-02-23,433.5531311035156
2024-02-26,433.3248291015625
2024-02-27,434.36712646484375
2024-02-28,432.0543212890625
2024-02-29,435.75677490234375
2024-03-01,442.31793212890625
2024-03-04,440.7396545410156
2024-03-05,432.82855224609375
2024-03-06,435.5483093261719
2024-03-07,442.15911865234375
2024-03-08,435.776611328125
2024-03-11,434.1586608886719
2024-03-12,440.3823547363281
2024-03-13,436.9975280761719
2024-03-14,435.8957214355469
2024-03-15,430.7143249511719
2024-03-18,434.82220458984375
2024-03-19,435.90557861328125
2024-03-20,441.0739440917969
2024-03-21,443.1612243652344
2024-03-22,443.6681213378906
2024-03-25,442.0579833984375
2024-03-26,440.626708984375
2024-03-27,442.12750244140625
2024-03-28,441.3125305175781
2024-04-01,442.246826171875
2024-04-02,438.43011474609375
2024-04-03,439.41412353515625
2024-04-04,432.6951904296875
2024-04-05,437.7940368652344
2024-04-08,437.9232482910156
2024-04-09,439.5433044433594
2024-04-10,435.706787109375
2024-04-11,442.66424560546875
2024-04-12,435.607421875
2024-04-15,428.4411926269531
2024-04-16,428.48095703125
2024-04-17,423.25286865234375
2024-04-18,420.8376770019531
2024-04-19,412.1308898925781
2024-04-22,416.2756042480469
2024-04-23,422.48760986328125
2024-04-24,423.9188537597656
2024-04-25,421.871337890625
2024-04-26,428.38153076171875
2024-04-29,430.1209411621094
2024-04-30,422.010498046875
2024-05-01,418.95916748046875
2024-05-02,424.30645751953125
2024-05-03,432.8343505859375
2024-05-06,437.5753479003906
2024-05-07,437.6449279785156
2024-05-08,437.3865051269531
2024-05-09,438.3406677246094
2024-05-10,439.3743591308594
2024-05-13,440.3881530761719
2024-05-14,443.2208557128906
2024-05-15,450.14849853515625
2024-05-16,449.234130859375
2024-05-17,449.0154113769531
2024-05-20,452.14630126953125
2024-05-21,453.0308837890625
2024-05-22,452.94140625
2024-05-23,450.9039001464844
2024-05-24,455.1678466796875
2024-05-28,456.8873291015625
2024-05-29,453.6669921875
2024-05-30,448.80670166015625
2024-05-31,447.9718017578125
2024-06-03,450.3770751953125
2024-06-04,451.6095886230469
2024-06-05,460.7138977050781
2024-06-06,460.554931640625
2024-06-07,460.14739990234375
2024-06-10,462.00604248046875
2024-06-11,465.1766357421875
2024-06-12,471.2694091796875
2024-06-13,473.8237609863281
2024-06-14,476.27880859375
2024-06-17,482.11309814453125
2024-06-18,482.26220703125
2024-06-20,478.5449523925781
2024-06-21,477.26275634765625
2024-06-24,471.8293151855469
2024-06-25,477.2249450683594
2024-06-26,478.2104797363281
2024-06-27,479.4449157714844
2024-06-28,476.9561767578125
2024-07-01,479.7535705566406
2024-07-02,484.7908020019531
2024-07-03,488.8325500488281
2024-07-05,493.9295349121094
2024-07-08,495.10418701171875
2024-07-09,495.5322570800781
2024-07-10,500.69891357421875
2024-07-11,489.718505859375
2024-07-12,492.59552001953125
2024-07-15,493.9195251464844
2024-07-16,494.10870361328125
2024-07-17,479.6042175292969
2024-07-18,477.3344421386719
2024-07-19,473.10357666015625
2024-07-22,480.1517333984375
2024-07-23,478.4593505859375
2024-07-24,461.296875
2024-07-25,456.2098388671875
2024-07-26,460.8887023925781
2024-07-29,461.8145446777344
2024-07-30,455.4731750488281
2024-07-31,468.9523010253906
2024-08-01,457.5935974121094
2024-08-02,446.7326354980469
2024-08-05,433.4128112792969
2024-08-06,437.5541076660156
2024-08-07,432.8154602050781
2024-08-08,446.0556945800781
2024-08-09,448.3851623535156
2024-08-12,449.350830078125
2024-08-13,460.50042724609375
2024-08-14,460.6498107910156
2024-08-15,472.28729248046875
2024-08-16,472.89453125
2024-08-19,479.1064453125
2024-08-20,478.10101318359375
2024-08-21,480.3309020996094
2024-08-22,472.71533203125
2024-08-23,477.8421630859375
2024-08-26,473.2030944824219
2024-08-27,474.61669921875
2024-08-28,469.23101806640625
2024-08-29,468.5441589355469
2024-08-30,474.12890625
2024-09-03,459.73394775390625
2024-09-04,458.539306640625
2024-09-05,458.9674072265625
2024-09-06,446.67291259765625
2024-09-09,452.4169921875
2024-09-10,456.5981140136719
2024-09-11,466.5133056640625
2024-09-12,471.0926513671875
2024-09-13,473.2030944824219
2024-09-16,471.112548828125
2024-09-17,471.3614196777344
2024-09-18,469.3206481933594
2024-09-19,481.1870422363281
2024-09-20,480.27117919921875
2024-09-23,481.54425048828125
2024-09-24,483.86700439453125
2024-09-25,484.31561279296875
2024-09-26,487.9543151855469
2024-09-27,485.24273681640625
2024-09-30,486.5586853027344
2024-10-01,479.7796936035156
2024-10-02,480.4576110839844
2024-10-03,480.0987243652344
2024-10-04,485.81097412109375
2024-10-07,480.6071472167969
2024-10-08,487.78485107421875
2024-10-09,491.6229248046875
2024-10-10,491.0646667480469
2024-10-11,491.832275390625
2024-10-14,495.9594421386719
2024-10-15,489.3300476074219
2024-10-16,489.3898620605469
2024-10-17,489.7287902832031
2024-10-18,492.9388427734375
2024-10-21,493.88592529296875
2024-10-22,494.4242248535156
2024-10-23,486.84771728515625
2024-10-24,490.7955017089844
2024-10-25,493.7862243652344
2024-10-28,493.865966796875
2024-10-29,498.6112365722656
2024-10-30,494.8429260253906
2024-10-31,482.35174560546875
2024-11-01,485.9206237792969
2024-11-04,484.5050354003906
2024-11-05,490.68585205078125
2024-11-06,504.014404296875
2024-11-07,511.9497375488281
2024-11-08,512.5479736328125
2024-11-11,512.2489013671875
2024-11-12,511.32171630859375
2024-11-13,510.6637878417969
2024-11-14,507.1148376464844
2024-11-15,495.0323486328125
2024-11-18,498.4716491699219
2024-11-19,501.9010009765625
2024-11-20,501.6119079589844
2024-11-21,503.41632080078125
2024-11-22,504.2237854003906
2024-11-25,505.02130126953125
2024-11-26,507.7328796386719
2024-11-27,503.73529052734375
2024-11-29,508.1615295410156
2024-12-02,513.6943359375
2024-12-03,515.2694702148438
2024-12-04,521.6397094726562
2024-12-05,520.1942138671875
2024-12-06,524.8497314453125
2024-12-09,520.762451171875
2024-12-10,518.9879150390625
2024-12-11,528.279052734375
2024-12-12,524.86962890625
2024-12-13,528.88720703125
2024-12-16,536.5035400390625
2024-12-17,534.1408081054688
2024-12-18,514.8706665039062
2024-12-19,512.5778198242188
2024-12-20,517.053955078125
2024-12-23,522.0914306640625
2024-12-24,529.1708984375
2024-12-26,528.8114013671875
2024-12-27,521.7818603515625
2024-12-30,514.8422241210938
2024-12-31,510.4687805175781
2025-01-02,509.4702453613281
2025-01-03,517.8078002929688
2025-01-06,523.7589111328125
2025-01-07,514.412841796875
2025-01-08,514.5027465820312
2025-01-10,506.4347839355469
2025-01-13,504.80718994140625
2025-01-14,504.3279113769531
2025-01-15,515.9306030273438
2025-01-16,512.3160400390625
2025-01-17,520.9630737304688
2025-01-21,524.0185546875
2025-01-22,530.7185668945312
2025-01-23,531.8468627929688
2025-01-24,528.8413696289062
2025-01-27,513.4443359375
2025-01-28,521.0330200195312
2025-01-29,520.0545043945312
2025-01-30,522.2711181640625
2025-01-31,521.5122680664062
2025-02-03,517.3385009765625
2025-02-04,523.6890258789062
2025-02-05,526.0654907226562
2025-02-06,528.8114013671875
2025-02-07,522.141357421875
2025-02-10,528.4619140625
2025-02-11,527.2037963867188
2025-02-12,527.5133056640625
2025-02-13,535.10205078125
2025-02-14,537.3486938476562
2025-02-18,538.5668334960938
2025-02-19,538.7166748046875
2025-02-20,536.4299926757812
2025-02-21,525.296630859375
2025-02-24,519.0958862304688
2025-02-25,512.5556640625
2025-02-26,513.7938232421875
2025-02-27,499.5250549316406
2025-02-28,507.413330078125
2025-03-03,496.3098449707031
2025-03-04,494.8121032714844
2025-03-05,501.2624816894531
2025-03-06,487.4730529785156
2025-03-07,491.0577087402344
2025-03-10,472.0260925292969
2025-03-11,470.89776611328125
2025-03-12,476.2098693847656
2025-03-13,467.6426086425781
2025-03-14,478.9457702636719
2025-03-17,482.0511169433594
2025-03-18,473.8334045410156
2025-03-19,480.1739501953125
2025-03-20,478.5463562011719
2025-03-21,480.1239929199219
2025-03-24,490.6600036621094
2025-03-25,493.4599914550781
2025-03-26,484.3800048828125
2025-03-27,481.6199951171875
2025-03-28,468.94000244140625
2025-03-31,468.9200134277344
2025-04-01,472.70001220703125
2025-04-02,476.1499938964844
2025-04-03,450.6600036621094
2025-04-04,422.6700134277344
2025-04-07,423.69000244140625
2025-04-08,416.05999755859375
2025-04-09,466.0
2025-04-10,446.17999267578125
2025-04-11,454.3999938964844
2025-04-14,457.4800109863281
2025-04-15,457.989990234375
2025-04-16,444.17999267578125
2025-04-17,444.1000061035156
2025-04-21,433.1099853515625
2025-04-22,444.4800109863281
2025-04-23,454.55999755859375
2025-04-24,467.3500061035156
2025-04-25,472.55999755859375
2025-04-28,472.4100036621094
2025-04-29,475.5299987792969
2025-04-30,475.4700012207031
2025-05-01,481.67999267578125
2025-05-02,488.8299865722656
2025-05-05,485.92999267578125
2025-05-06,481.4100036621094
2025-05-07,483.29998779296875
2025-05-08,488.2900085449219
2025-05-09,487.9700012207031
2025-05-12,507.8500061035156
2025-05-13,515.5900268554688
2025-05-14,518.6799926757812
2025-05-15,519.25
2025-05-16,521.510009765625
2025-05-19,522.010009765625
2025-05-20,520.27001953125
2025-05-21,513.0399780273438
